<http://data.bibliotheken.nl/id/thes/p075642956>,Musselkanaal
<http://data.bibliotheken.nl/id/thes/p16057336X>,West Calder
<http://data.bibliotheken.nl/id/thes/p11977285X>,Gelenau
<http://data.bibliotheken.nl/id/thes/p075655330>,s-Heer Arendskerke
<http://data.bibliotheken.nl/id/thes/p075661217>,medische astrologie
<http://data.bibliotheken.nl/id/thes/p07561295X>,landbouwbedrijfsleer
<http://data.bibliotheken.nl/id/thes/p33629848X>,Alteveer (G)
<http://data.bibliotheken.nl/id/thes/p216436613>,Voorne
<http://data.bibliotheken.nl/id/thes/p075670720>,Spijk (G)
<http://data.bibliotheken.nl/id/thes/p241543932>,gehoorapparaten
<http://data.bibliotheken.nl/id/thes/p164402683>,Nieuwaal
<http://data.bibliotheken.nl/id/thes/p075674939>,Assebroek
<http://data.bibliotheken.nl/id/thes/p07561068X>,jeu de boules
<http://data.bibliotheken.nl/id/thes/p075622580>,spraakstoornissen
<http://data.bibliotheken.nl/id/thes/p298123940>,Rhienderen
<http://data.bibliotheken.nl/id/thes/p26342717X>,Swifterbant
<http://data.bibliotheken.nl/id/thes/p192876120>,Anerveen
<http://data.bibliotheken.nl/id/thes/p075658321>,computersystemen
<http://data.bibliotheken.nl/id/thes/p304295795>,water
<http://data.bibliotheken.nl/id/thes/p07561751X>,openluchtrecreatie
<http://data.bibliotheken.nl/id/thes/p235245984>,metrologie
<http://data.bibliotheken.nl/id/thes/p279740026>,syndroom van Guillain-Barré
<http://data.bibliotheken.nl/id/thes/p139414908>,Shetland Islands
<http://data.bibliotheken.nl/id/thes/p075621592>,sekten
<http://data.bibliotheken.nl/id/thes/p075601931>,bouwmaterialen
<http://data.bibliotheken.nl/id/thes/p404071856>,Basilicata
<http://data.bibliotheken.nl/id/thes/p393453863>,Pikveld
<http://data.bibliotheken.nl/id/thes/p370418093>,Flemhuder See
<http://data.bibliotheken.nl/id/thes/p075614332>,lijm
<http://data.bibliotheken.nl/id/thes/p075660423>,kleurboeken
<http://data.bibliotheken.nl/id/thes/p330034065>,twitters
<http://data.bibliotheken.nl/id/thes/p401129845>,Wallen (Amsterdam)
<http://data.bibliotheken.nl/id/thes/p075607646>,gevogelte recepten
<http://data.bibliotheken.nl/id/thes/p18686339X>,Flevoland ; geschiedenis
<http://data.bibliotheken.nl/id/thes/p317240129>,Zweedse taalkunde
<http://data.bibliotheken.nl/id/thes/p075610760>,jeugdcriminaliteit
<http://data.bibliotheken.nl/id/thes/p075621223>,schelpen
<http://data.bibliotheken.nl/id/thes/p173869475>,Eilenburg
<http://data.bibliotheken.nl/id/thes/p075616890>,Olympische Spelen
<http://data.bibliotheken.nl/id/thes/p075598744>,agogie
<http://data.bibliotheken.nl/id/thes/p075632357>,Madeira
<http://data.bibliotheken.nl/id/thes/p099916231>,Étampes
<http://data.bibliotheken.nl/id/thes/p217849695>,Kortezwaag
<http://data.bibliotheken.nl/id/thes/p363573097>,Plan-Zuid (Heerenveen)
<http://data.bibliotheken.nl/id/thes/p075688530>,TBS
<http://data.bibliotheken.nl/id/thes/p341665290>,Grebbelinie
<http://data.bibliotheken.nl/id/thes/p075612682>,kunstbeleid
<http://data.bibliotheken.nl/id/thes/p369821637>,Twijtel
<http://data.bibliotheken.nl/id/thes/p32127945X>,Midden-Holland
<http://data.bibliotheken.nl/id/thes/p075614472>,magie
<http://data.bibliotheken.nl/id/thes/p075669463>,Ravenna
<http://data.bibliotheken.nl/id/thes/p075616769>,nudisme
<http://data.bibliotheken.nl/id/thes/p075600684>,belastingfraude
<http://data.bibliotheken.nl/id/thes/p07568571X>,Heiligenwald
<http://data.bibliotheken.nl/id/thes/p075636735>,werktijden
<http://data.bibliotheken.nl/id/thes/p075604434>,doping
<http://data.bibliotheken.nl/id/thes/p075624249>,titelbeschrijven
<http://data.bibliotheken.nl/id/thes/p281759480>,Azewijn
<http://data.bibliotheken.nl/id/thes/p325019630>,Polder Oukoop en Negenviertel
<http://data.bibliotheken.nl/id/thes/p173063535>,Apeldoorns Kanaal
<http://data.bibliotheken.nl/id/thes/p075663759>,sociaal-cultureel werk
<http://data.bibliotheken.nl/id/thes/p126086664>,Mering
<http://data.bibliotheken.nl/id/thes/p087720418>,Monaco
<http://data.bibliotheken.nl/id/thes/p305936700>,Fluessen
<http://data.bibliotheken.nl/id/thes/p075613727>,leninisme
<http://data.bibliotheken.nl/id/thes/p075613743>,leraren
<http://data.bibliotheken.nl/id/thes/p075647354>,Obernburg am Main
<http://data.bibliotheken.nl/id/thes/p317810596>,Beets
<http://data.bibliotheken.nl/id/thes/p075602172>,brugklassen
<http://data.bibliotheken.nl/id/thes/p075623412>,diabetes
<http://data.bibliotheken.nl/id/thes/p345989422>,Bukhara
<http://data.bibliotheken.nl/id/thes/p332022188>,Woensel-West (Eindhoven)
<http://data.bibliotheken.nl/id/thes/p407970886>,Hennaard
<http://data.bibliotheken.nl/id/thes/p095396659>,Goudriaan
<http://data.bibliotheken.nl/id/thes/p152771301>,Smørum
<http://data.bibliotheken.nl/id/thes/p075656590>,ademhalingsstoornissen
<http://data.bibliotheken.nl/id/thes/p075645858>,Knaresborough
<http://data.bibliotheken.nl/id/thes/p075613999>,linoleumsnijden
<http://data.bibliotheken.nl/id/thes/p075628090>,zeehonden
<http://data.bibliotheken.nl/id/thes/p075663031>,potplanten
<http://data.bibliotheken.nl/id/thes/p075665573>,woonboten
<http://data.bibliotheken.nl/id/thes/p075612356>,koopvaardijschepen
<http://data.bibliotheken.nl/id/thes/p285624954>,Blauwenoord
<http://data.bibliotheken.nl/id/thes/p075618818>,plastische chirurgie
<http://data.bibliotheken.nl/id/thes/p146157087>,Harpel
<http://data.bibliotheken.nl/id/thes/p089422279>,Kennenburg
<http://data.bibliotheken.nl/id/thes/p075613468>,inlichtingen- en veiligheidsdiensten
<http://data.bibliotheken.nl/id/thes/p288239113>,Roti
<http://data.bibliotheken.nl/id/thes/p075669234>,Griekse recepten
<http://data.bibliotheken.nl/id/thes/p103787933>,Hoei
<http://data.bibliotheken.nl/id/thes/p328952419>,Kaag en Braassem
<http://data.bibliotheken.nl/id/thes/p075622998>,sterrenbeelden (astrologie)
<http://data.bibliotheken.nl/id/thes/p114113335>,Gotha
<http://data.bibliotheken.nl/id/thes/p101851529>,Anna Jacobapolder
<http://data.bibliotheken.nl/id/thes/p075604388>,doofheid
<http://data.bibliotheken.nl/id/thes/p07560339X>,consumentenaangelegenheden
<http://data.bibliotheken.nl/id/thes/p216614104>,Utrechtse Heuvelrug
<http://data.bibliotheken.nl/id/thes/p075673215>,Heel
<http://data.bibliotheken.nl/id/thes/p279574517>,Bantega
<http://data.bibliotheken.nl/id/thes/p075653648>,Southsea
